table_schema,table_name,index_name,index_def,is_unique,is_primary
public,addresses,addresses_pkey,CREATE UNIQUE INDEX addresses_pkey ON public.addresses USING btree (id),t,t
public,addresses,ix_addresses_order_scope,"CREATE INDEX ix_addresses_order_scope ON public.addresses USING btree (order_id, scope, address_type)",f,f
public,addresses,ix_addresses_user_scope,"CREATE INDEX ix_addresses_user_scope ON public.addresses USING btree (user_id, scope, address_type)",f,f
public,addresses,ux_user_default_address,"CREATE UNIQUE INDEX ux_user_default_address ON public.addresses USING btree (user_id, address_type) WHERE ((scope = 'user'::text) AND (is_default = true))",t,f
public,campaigns,campaigns_pkey,CREATE UNIQUE INDEX campaigns_pkey ON public.campaigns USING btree (id),t,t
public,campaigns,campaigns_slug_key,CREATE UNIQUE INDEX campaigns_slug_key ON public.campaigns USING btree (slug),t,f
public,campaigns,idx_campaigns_status_published,"CREATE INDEX idx_campaigns_status_published ON public.campaigns USING btree (status, published_at DESC)",f,f
public,cart_items,cart_items_cart_id_product_id_key,"CREATE UNIQUE INDEX cart_items_cart_id_product_id_key ON public.cart_items USING btree (cart_id, product_id)",t,f
public,cart_items,cart_items_pkey,CREATE UNIQUE INDEX cart_items_pkey ON public.cart_items USING btree (id),t,t
public,cart_items,idx_cart_items_cart,CREATE INDEX idx_cart_items_cart ON public.cart_items USING btree (cart_id),f,f
public,cart_items,idx_cart_items_product,CREATE INDEX idx_cart_items_product ON public.cart_items USING btree (product_id),f,f
public,cart_items,idx_cart_items_seller,CREATE INDEX idx_cart_items_seller ON public.cart_items USING btree (seller_id),f,f
public,cart_items,idx_cart_items_user,CREATE INDEX idx_cart_items_user ON public.cart_items USING btree (user_id),f,f
public,carts,carts_pkey,CREATE UNIQUE INDEX carts_pkey ON public.carts USING btree (id),t,t
public,carts,carts_user_id_key,CREATE UNIQUE INDEX carts_user_id_key ON public.carts USING btree (user_id),t,f
public,categories,categories_name_key,CREATE UNIQUE INDEX categories_name_key ON public.categories USING btree (name),t,f
public,categories,categories_pkey,CREATE UNIQUE INDEX categories_pkey ON public.categories USING btree (id),t,t
public,categories,categories_slug_key,CREATE UNIQUE INDEX categories_slug_key ON public.categories USING btree (slug),t,f
public,contact_messages,contact_messages_pkey,CREATE UNIQUE INDEX contact_messages_pkey ON public.contact_messages USING btree (id),t,t
public,contact_messages,idx_contact_messages_contact_id,"CREATE INDEX idx_contact_messages_contact_id ON public.contact_messages USING btree (contact_id, created_at)",f,f
public,contact_messages,idx_contact_messages_sender,"CREATE INDEX idx_contact_messages_sender ON public.contact_messages USING btree (sender_type, sender_id)",f,f
public,contacts,contacts_pkey,CREATE UNIQUE INDEX contacts_pkey ON public.contacts USING btree (id),t,t
public,contacts,idx_contacts_category,CREATE INDEX idx_contacts_category ON public.contacts USING btree (category),f,f
public,contacts,idx_contacts_created_at,CREATE INDEX idx_contacts_created_at ON public.contacts USING btree (created_at DESC),f,f
public,contacts,idx_contacts_email,CREATE INDEX idx_contacts_email ON public.contacts USING btree (email),f,f
public,contacts,idx_contacts_status,CREATE INDEX idx_contacts_status ON public.contacts USING btree (status),f,f
public,contacts,idx_contacts_subject_body_trgm,"CREATE INDEX idx_contacts_subject_body_trgm ON public.contacts USING gin ((((COALESCE(subject, ''::text) || ' '::text) || COALESCE(message, ''::text))) gin_trgm_ops)",f,f
public,contacts,idx_contacts_subject_trgm,CREATE INDEX idx_contacts_subject_trgm ON public.contacts USING gin (subject gin_trgm_ops),f,f
public,contacts,idx_contacts_type,CREATE INDEX idx_contacts_type ON public.contacts USING btree (type),f,f
public,contacts,idx_contacts_user_id,CREATE INDEX idx_contacts_user_id ON public.contacts USING btree (user_id),f,f
public,coupons,coupons_code_key,CREATE UNIQUE INDEX coupons_code_key ON public.coupons USING btree (code),t,f
public,coupons,coupons_pkey,CREATE UNIQUE INDEX coupons_pkey ON public.coupons USING btree (id),t,t
public,coupons,ix_coupons_active_window,"CREATE INDEX ix_coupons_active_window ON public.coupons USING btree (is_active, starts_at, ends_at, code)",f,f
public,email_verifications,email_verifications_pkey,CREATE UNIQUE INDEX email_verifications_pkey ON public.email_verifications USING btree (id),t,t
public,email_verifications,idx_email_verifications_email,CREATE INDEX idx_email_verifications_email ON public.email_verifications USING btree (email),f,f
public,email_verifications,idx_email_verifications_expires,CREATE INDEX idx_email_verifications_expires ON public.email_verifications USING btree (expires_at),f,f
public,email_verifications,idx_email_verifications_user,CREATE INDEX idx_email_verifications_user ON public.email_verifications USING btree (user_id),f,f
public,email_verifications,uq_email_verifications_token,CREATE UNIQUE INDEX uq_email_verifications_token ON public.email_verifications USING btree (token),t,f
public,favorites,favorites_pkey,CREATE UNIQUE INDEX favorites_pkey ON public.favorites USING btree (id),t,t
public,favorites,ix_favorites_product,CREATE INDEX ix_favorites_product ON public.favorites USING btree (product_id),f,f
public,favorites,ix_favorites_user,"CREATE INDEX ix_favorites_user ON public.favorites USING btree (user_id, created_at DESC)",f,f
public,favorites,ux_favorites_user_product,"CREATE UNIQUE INDEX ux_favorites_user_product ON public.favorites USING btree (user_id, product_id)",t,f
public,global_allowed_payment_methods,global_allowed_payment_methods_pkey,CREATE UNIQUE INDEX global_allowed_payment_methods_pkey ON public.global_allowed_payment_methods USING btree (method),t,t
public,gmail_tokens,gmail_tokens_pkey,CREATE UNIQUE INDEX gmail_tokens_pkey ON public.gmail_tokens USING btree (id),t,t
public,ledger,idx_ledger_available_at,CREATE INDEX idx_ledger_available_at ON public.ledger USING btree (available_at),f,f
public,ledger,idx_ledger_created_at,CREATE INDEX idx_ledger_created_at ON public.ledger USING btree (created_at DESC),f,f
public,ledger,idx_ledger_idempotency,CREATE INDEX idx_ledger_idempotency ON public.ledger USING btree (idempotency_key),f,f
public,ledger,idx_ledger_order,CREATE INDEX idx_ledger_order ON public.ledger USING btree (order_id),f,f
public,ledger,idx_ledger_order_id,CREATE INDEX idx_ledger_order_id ON public.ledger USING btree (order_id),f,f
public,ledger,idx_ledger_partner_id,CREATE INDEX idx_ledger_partner_id ON public.ledger USING btree (partner_id),f,f
public,ledger,idx_ledger_partner_status,"CREATE INDEX idx_ledger_partner_status ON public.ledger USING btree (partner_id, status, available_at)",f,f
public,ledger,idx_ledger_status,CREATE INDEX idx_ledger_status ON public.ledger USING btree (status),f,f
public,ledger,idx_ledger_stripe_payment_intent,CREATE INDEX idx_ledger_stripe_payment_intent ON public.ledger USING btree (stripe_payment_intent_id),f,f
public,ledger,idx_ledger_stripe_payment_intent_id,CREATE INDEX idx_ledger_stripe_payment_intent_id ON public.ledger USING btree (stripe_payment_intent_id),f,f
public,ledger,idx_ledger_stripe_payout_id,CREATE INDEX idx_ledger_stripe_payout_id ON public.ledger USING btree (stripe_payout_id),f,f
public,ledger,idx_ledger_type,CREATE INDEX idx_ledger_type ON public.ledger USING btree (type),f,f
public,ledger,ledger_idempotency_key_key,CREATE UNIQUE INDEX ledger_idempotency_key_key ON public.ledger USING btree (idempotency_key),t,f
public,ledger,ledger_pkey,CREATE UNIQUE INDEX ledger_pkey ON public.ledger USING btree (id),t,t
public,login_history,idx_login_history_created_at,CREATE INDEX idx_login_history_created_at ON public.login_history USING btree (created_at),f,f
public,login_history,idx_login_history_ip,CREATE INDEX idx_login_history_ip ON public.login_history USING btree (ip_address),f,f
public,login_history,idx_login_history_success,"CREATE INDEX idx_login_history_success ON public.login_history USING btree (success, created_at)",f,f
public,login_history,idx_login_history_user_id,CREATE INDEX idx_login_history_user_id ON public.login_history USING btree (user_id),f,f
public,login_history,login_history_pkey,CREATE UNIQUE INDEX login_history_pkey ON public.login_history USING btree (id),t,t
public,notification_reads,idx_notification_reads_notification,CREATE INDEX idx_notification_reads_notification ON public.notification_reads USING btree (notification_id),f,f
public,notification_reads,idx_notification_reads_user,"CREATE INDEX idx_notification_reads_user ON public.notification_reads USING btree (user_id, read_at DESC)",f,f
public,notification_reads,notification_reads_pkey,CREATE UNIQUE INDEX notification_reads_pkey ON public.notification_reads USING btree (id),t,t
public,notification_reads,notification_reads_uniq,"CREATE UNIQUE INDEX notification_reads_uniq ON public.notification_reads USING btree (notification_id, user_id)",t,f
public,notification_targets,idx_notification_targets_audience,CREATE INDEX idx_notification_targets_audience ON public.notification_targets USING btree (audience),f,f
public,notification_targets,idx_notification_targets_notification_id,CREATE INDEX idx_notification_targets_notification_id ON public.notification_targets USING btree (notification_id),f,f
public,notification_targets,idx_notification_targets_role,CREATE INDEX idx_notification_targets_role ON public.notification_targets USING btree (role),f,f
public,notification_targets,idx_notification_targets_user_id,CREATE INDEX idx_notification_targets_user_id ON public.notification_targets USING btree (user_id),f,f
public,notification_targets,notification_targets_pkey,CREATE UNIQUE INDEX notification_targets_pkey ON public.notification_targets USING btree (id),t,t
public,notifications,idx_notifications_created_at,CREATE INDEX idx_notifications_created_at ON public.notifications USING btree (created_at DESC),f,f
public,notifications,idx_notifications_type,CREATE INDEX idx_notifications_type ON public.notifications USING btree (type),f,f
public,notifications,idx_notifications_visible_window,"CREATE INDEX idx_notifications_visible_window ON public.notifications USING btree (visible_from, visible_to)",f,f
public,notifications,notifications_pkey,CREATE UNIQUE INDEX notifications_pkey ON public.notifications USING btree (id),t,t
public,option_labels,option_labels_pkey,"CREATE UNIQUE INDEX option_labels_pkey ON public.option_labels USING btree (category, value)",t,t
public,option_labels,option_labels_unique,"CREATE UNIQUE INDEX option_labels_unique ON public.option_labels USING btree (category, value)",t,f
public,option_labels,ux_option_labels_category_value,"CREATE UNIQUE INDEX ux_option_labels_category_value ON public.option_labels USING btree (category, value)",t,f
public,order_addresses,idx_order_addresses_order,CREATE INDEX idx_order_addresses_order ON public.order_addresses USING btree (order_id),f,f
public,order_addresses,idx_order_addresses_type,CREATE INDEX idx_order_addresses_type ON public.order_addresses USING btree (address_type),f,f
public,order_addresses,ix_order_addresses_order_id,CREATE INDEX ix_order_addresses_order_id ON public.order_addresses USING btree (order_id),f,f
public,order_addresses,ix_order_addresses_type,CREATE INDEX ix_order_addresses_type ON public.order_addresses USING btree (address_type),f,f
public,order_addresses,order_addresses_pkey,CREATE UNIQUE INDEX order_addresses_pkey ON public.order_addresses USING btree (id),t,t
public,order_groups,idx_order_groups_user_created,"CREATE INDEX idx_order_groups_user_created ON public.order_groups USING btree (user_id, created_at DESC)",f,f
public,order_groups,order_groups_group_number_key,CREATE UNIQUE INDEX order_groups_group_number_key ON public.order_groups USING btree (group_number),t,f
public,order_groups,order_groups_pkey,CREATE UNIQUE INDEX order_groups_pkey ON public.order_groups USING btree (id),t,t
public,order_items,idx_order_items_order,CREATE INDEX idx_order_items_order ON public.order_items USING btree (order_id),f,f
public,order_items,idx_order_items_product,CREATE INDEX idx_order_items_product ON public.order_items USING btree (product_id),f,f
public,order_items,ix_order_items_product,CREATE INDEX ix_order_items_product ON public.order_items USING btree (product_id),f,f
public,order_items,ix_order_items_seller_product,"CREATE INDEX ix_order_items_seller_product ON public.order_items USING btree (seller_id, product_id)",f,f
public,order_items,order_items_pkey,CREATE UNIQUE INDEX order_items_pkey ON public.order_items USING btree (id),t,t
public,orders,idx_orders_buyer,CREATE INDEX idx_orders_buyer ON public.orders USING btree (buyer_id),f,f
public,orders,idx_orders_buyer_created_at,"CREATE INDEX idx_orders_buyer_created_at ON public.orders USING btree (buyer_id, created_at DESC)",f,f
public,orders,idx_orders_created,CREATE INDEX idx_orders_created ON public.orders USING btree (created_at DESC),f,f
public,orders,idx_orders_delivery_completed,CREATE INDEX idx_orders_delivery_completed ON public.orders USING btree (delivery_completed_at),f,f
public,orders,idx_orders_group,CREATE INDEX idx_orders_group ON public.orders USING btree (group_id),f,f
public,orders,idx_orders_ledger_sale,CREATE INDEX idx_orders_ledger_sale ON public.orders USING btree (ledger_sale_id),f,f
public,orders,idx_orders_order_number,CREATE INDEX idx_orders_order_number ON public.orders USING btree (order_number),f,f
public,orders,idx_orders_payment_status,CREATE INDEX idx_orders_payment_status ON public.orders USING btree (payment_status),f,f
public,orders,idx_orders_seller_created,"CREATE INDEX idx_orders_seller_created ON public.orders USING btree (seller_id, created_at DESC)",f,f
public,orders,idx_orders_shipment_status,CREATE INDEX idx_orders_shipment_status ON public.orders USING btree (shipment_status),f,f
public,orders,idx_orders_status,CREATE INDEX idx_orders_status ON public.orders USING btree (status),f,f
public,orders,idx_orders_status_updated_at,"CREATE INDEX idx_orders_status_updated_at ON public.orders USING btree (status, updated_at DESC)",f,f
public,orders,idx_orders_stripe_charge,CREATE INDEX idx_orders_stripe_charge ON public.orders USING btree (stripe_charge_id),f,f
public,orders,idx_orders_stripe_payment_intent,CREATE INDEX idx_orders_stripe_payment_intent ON public.orders USING btree (stripe_payment_intent_id),f,f
public,orders,idx_orders_transfer_id,CREATE INDEX idx_orders_transfer_id ON public.orders USING btree (transfer_id),f,f
public,orders,idx_orders_transfer_status,CREATE INDEX idx_orders_transfer_status ON public.orders USING btree (transfer_status),f,f
public,orders,ix_orders_order_number,CREATE INDEX ix_orders_order_number ON public.orders USING btree (order_number),f,f
public,orders,ix_orders_payment_external,"CREATE INDEX ix_orders_payment_external ON public.orders USING btree (payment_provider, payment_external_id)",f,f
public,orders,ix_orders_payment_status,CREATE INDEX ix_orders_payment_status ON public.orders USING btree (payment_status),f,f
public,orders,ix_orders_status_created,"CREATE INDEX ix_orders_status_created ON public.orders USING btree (status, created_at)",f,f
public,orders,orders_order_number_key,CREATE UNIQUE INDEX orders_order_number_key ON public.orders USING btree (order_number),t,f
public,orders,orders_pkey,CREATE UNIQUE INDEX orders_pkey ON public.orders USING btree (id),t,t
public,orders,uq_orders_order_number,CREATE UNIQUE INDEX uq_orders_order_number ON public.orders USING btree (order_number),t,f
public,partner_allowed_payment_methods,idx_papm_partner,CREATE INDEX idx_papm_partner ON public.partner_allowed_payment_methods USING btree (partner_id),f,f
public,partner_allowed_payment_methods,partner_allowed_payment_methods_pkey,"CREATE UNIQUE INDEX partner_allowed_payment_methods_pkey ON public.partner_allowed_payment_methods USING btree (partner_id, method)",t,t
public,partner_allowed_ship_methods,idx_pasm_partner,CREATE INDEX idx_pasm_partner ON public.partner_allowed_ship_methods USING btree (partner_id),f,f
public,partner_allowed_ship_methods,partner_allowed_ship_methods_pkey,"CREATE UNIQUE INDEX partner_allowed_ship_methods_pkey ON public.partner_allowed_ship_methods USING btree (partner_id, method)",t,t
public,partner_bank_accounts,idx_partner_bank_accounts_partner_id,CREATE INDEX idx_partner_bank_accounts_partner_id ON public.partner_bank_accounts USING btree (partner_id),f,f
public,partner_bank_accounts,idx_partner_bank_accounts_verified,CREATE INDEX idx_partner_bank_accounts_verified ON public.partner_bank_accounts USING btree (is_verified),f,f
public,partner_bank_accounts,partner_bank_accounts_partner_id_key,CREATE UNIQUE INDEX partner_bank_accounts_partner_id_key ON public.partner_bank_accounts USING btree (partner_id),t,f
public,partner_bank_accounts,partner_bank_accounts_pkey,CREATE UNIQUE INDEX partner_bank_accounts_pkey ON public.partner_bank_accounts USING btree (id),t,t
public,partner_date_availabilities,idx_partner_date_availabilities_partner,"CREATE INDEX idx_partner_date_availabilities_partner ON public.partner_date_availabilities USING btree (partner_id, kind, date)",f,f
public,partner_date_availabilities,partner_date_availabilities_pkey,CREATE UNIQUE INDEX partner_date_availabilities_pkey ON public.partner_date_availabilities USING btree (id),t,t
public,partner_date_availabilities,uq_partner_date,"CREATE UNIQUE INDEX uq_partner_date ON public.partner_date_availabilities USING btree (partner_id, kind, date, start_time, end_time)",t,f
public,partner_transfers,idx_partner_transfers_partner_id,CREATE INDEX idx_partner_transfers_partner_id ON public.partner_transfers USING btree (partner_id),f,f
public,partner_transfers,idx_partner_transfers_period,"CREATE INDEX idx_partner_transfers_period ON public.partner_transfers USING btree (transfer_period_start, transfer_period_end)",f,f
public,partner_transfers,idx_partner_transfers_scheduled_date,CREATE INDEX idx_partner_transfers_scheduled_date ON public.partner_transfers USING btree (transfer_scheduled_date),f,f
public,partner_transfers,idx_partner_transfers_status,CREATE INDEX idx_partner_transfers_status ON public.partner_transfers USING btree (status),f,f
public,partner_transfers,partner_transfers_pkey,CREATE UNIQUE INDEX partner_transfers_pkey ON public.partner_transfers USING btree (id),t,t
public,partner_weekday_availabilities,idx_partner_weekday_availabilities_partner,"CREATE INDEX idx_partner_weekday_availabilities_partner ON public.partner_weekday_availabilities USING btree (partner_id, kind, weekday)",f,f
public,partner_weekday_availabilities,partner_weekday_availabilities_pkey,CREATE UNIQUE INDEX partner_weekday_availabilities_pkey ON public.partner_weekday_availabilities USING btree (id),t,t
public,partner_weekday_availabilities,uq_partner_weekday,"CREATE UNIQUE INDEX uq_partner_weekday ON public.partner_weekday_availabilities USING btree (partner_id, kind, weekday, start_time, end_time)",t,f
public,partners,idx_partners_city_trgm,CREATE INDEX idx_partners_city_trgm ON public.partners USING gin (city gin_trgm_ops),f,f
public,partners,idx_partners_debt,CREATE INDEX idx_partners_debt ON public.partners USING btree (debt_cents),f,f
public,partners,idx_partners_name,CREATE INDEX idx_partners_name ON public.partners USING btree (name),f,f
public,partners,idx_partners_payouts_enabled,CREATE INDEX idx_partners_payouts_enabled ON public.partners USING btree (payouts_enabled),f,f
public,partners,idx_partners_postal_norm,CREATE INDEX idx_partners_postal_norm ON public.partners USING btree (postal_norm),f,f
public,partners,idx_partners_prefecture_city,"CREATE INDEX idx_partners_prefecture_city ON public.partners USING btree (prefecture, city)",f,f
public,partners,idx_partners_status,CREATE INDEX idx_partners_status ON public.partners USING btree (status),f,f
public,partners,idx_partners_status_type,"CREATE INDEX idx_partners_status_type ON public.partners USING btree (status, type)",f,f
public,partners,idx_partners_stripe_account,CREATE INDEX idx_partners_stripe_account ON public.partners USING btree (stripe_account_id),f,f
public,partners,idx_partners_type,CREATE INDEX idx_partners_type ON public.partners USING btree (type),f,f
public,partners,partners_pkey,CREATE UNIQUE INDEX partners_pkey ON public.partners USING btree (id),t,t
public,partners,partners_stripe_account_id_key,CREATE UNIQUE INDEX partners_stripe_account_id_key ON public.partners USING btree (stripe_account_id),t,f
public,partners,ux_partners_partner_key,CREATE UNIQUE INDEX ux_partners_partner_key ON public.partners USING btree (partner_key),t,f
public,password_reset_tokens,idx_prt_exp_used,"CREATE INDEX idx_prt_exp_used ON public.password_reset_tokens USING btree (expires_at, used)",f,f
public,password_reset_tokens,idx_prt_user,CREATE INDEX idx_prt_user ON public.password_reset_tokens USING btree (user_id),f,f
public,password_reset_tokens,idx_prt_user_token,"CREATE INDEX idx_prt_user_token ON public.password_reset_tokens USING btree (user_id, token_hash)",f,f
public,password_reset_tokens,password_reset_tokens_pkey,CREATE UNIQUE INDEX password_reset_tokens_pkey ON public.password_reset_tokens USING btree (id),t,t
public,payments,idx_payments_created,CREATE INDEX idx_payments_created ON public.payments USING btree (created_at DESC),f,f
public,payments,idx_payments_order,CREATE INDEX idx_payments_order ON public.payments USING btree (order_id),f,f
public,payments,idx_payments_order_updated,"CREATE INDEX idx_payments_order_updated ON public.payments USING btree (order_id, updated_at DESC)",f,f
public,payments,idx_payments_status,CREATE INDEX idx_payments_status ON public.payments USING btree (status),f,f
public,payments,payments_pkey,CREATE UNIQUE INDEX payments_pkey ON public.payments USING btree (id),t,t
public,payments,payments_transaction_id_key,CREATE UNIQUE INDEX payments_transaction_id_key ON public.payments USING btree (transaction_id),t,f
public,payout_runs,idx_payout_runs_created_at,CREATE INDEX idx_payout_runs_created_at ON public.payout_runs USING btree (created_at DESC),f,f
public,payout_runs,idx_payout_runs_date,CREATE INDEX idx_payout_runs_date ON public.payout_runs USING btree (run_date DESC),f,f
public,payout_runs,idx_payout_runs_iso_week,CREATE INDEX idx_payout_runs_iso_week ON public.payout_runs USING btree (iso_week),f,f
public,payout_runs,idx_payout_runs_status,CREATE INDEX idx_payout_runs_status ON public.payout_runs USING btree (status),f,f
public,payout_runs,idx_payout_runs_week,"CREATE INDEX idx_payout_runs_week ON public.payout_runs USING btree (iso_year, iso_week)",f,f
public,payout_runs,payout_runs_pkey,CREATE UNIQUE INDEX payout_runs_pkey ON public.payout_runs USING btree (run_id),t,t
public,payout_runs,payout_runs_run_date_key,CREATE UNIQUE INDEX payout_runs_run_date_key ON public.payout_runs USING btree (run_date),t,f
public,product_images,idx_product_images_position,"CREATE INDEX idx_product_images_position ON public.product_images USING btree (product_id, ""position"")",f,f
public,product_images,idx_product_images_product,CREATE INDEX idx_product_images_product ON public.product_images USING btree (product_id),f,f
public,product_images,ix_product_images_position,"CREATE INDEX ix_product_images_position ON public.product_images USING btree (""position"")",f,f
public,product_images,ix_product_images_product_id,CREATE INDEX ix_product_images_product_id ON public.product_images USING btree (product_id),f,f
public,product_images,product_images_pkey,CREATE UNIQUE INDEX product_images_pkey ON public.product_images USING btree (id),t,t
public,product_images,product_images_r2_key_key,CREATE UNIQUE INDEX product_images_r2_key_key ON public.product_images USING btree (r2_key),t,f
public,product_popularity_stats,ix_popularity_product_period,"CREATE INDEX ix_popularity_product_period ON public.product_popularity_stats USING btree (period_type, range_end DESC, product_id)",f,f
public,product_popularity_stats,product_popularity_stats_pkey,CREATE UNIQUE INDEX product_popularity_stats_pkey ON public.product_popularity_stats USING btree (id),t,t
public,product_reviews,idx_product_reviews_product_created,"CREATE INDEX idx_product_reviews_product_created ON public.product_reviews USING btree (product_id, created_at DESC)",f,f
public,product_reviews,idx_product_reviews_status,CREATE INDEX idx_product_reviews_status ON public.product_reviews USING btree (status),f,f
public,product_reviews,product_reviews_pkey,CREATE UNIQUE INDEX product_reviews_pkey ON public.product_reviews USING btree (id),t,t
public,product_reviews,uq_product_reviews_user,"CREATE UNIQUE INDEX uq_product_reviews_user ON public.product_reviews USING btree (product_id, user_id)",t,f
public,product_specs,idx_product_specs_pos,"CREATE INDEX idx_product_specs_pos ON public.product_specs USING btree (product_id, ""position"")",f,f
public,product_specs,idx_product_specs_product,CREATE INDEX idx_product_specs_product ON public.product_specs USING btree (product_id),f,f
public,product_specs,product_specs_pkey,CREATE UNIQUE INDEX product_specs_pkey ON public.product_specs USING btree (id),t,t
public,product_tags,product_tags_pkey,"CREATE UNIQUE INDEX product_tags_pkey ON public.product_tags USING btree (product_id, tag_id)",t,t
public,products,idx_products_category,CREATE INDEX idx_products_category ON public.products USING btree (category_id),f,f
public,products,idx_products_price,CREATE INDEX idx_products_price ON public.products USING btree (price),f,f
public,products,idx_products_published_at,CREATE INDEX idx_products_published_at ON public.products USING btree (published_at DESC),f,f
public,products,idx_products_status,CREATE INDEX idx_products_status ON public.products USING btree (status),f,f
public,products,idx_products_stock,CREATE INDEX idx_products_stock ON public.products USING btree (stock),f,f
public,products,idx_products_trgm,"CREATE INDEX idx_products_trgm ON public.products USING gin ((((COALESCE(title, ''::text) || ' '::text) || COALESCE(description_md, ''::text))) gin_trgm_ops)",f,f
public,products,products_pkey,CREATE UNIQUE INDEX products_pkey ON public.products USING btree (id),t,t
public,products,products_slug_key,CREATE UNIQUE INDEX products_slug_key ON public.products USING btree (slug),t,f
public,r2_assets,r2_assets_key_uidx,CREATE UNIQUE INDEX r2_assets_key_uidx ON public.r2_assets USING btree (key),t,f
public,r2_assets,r2_assets_pkey,CREATE UNIQUE INDEX r2_assets_pkey ON public.r2_assets USING btree (key),t,t
public,r2_assets,r2_assets_seller_idx,CREATE INDEX r2_assets_seller_idx ON public.r2_assets USING btree (seller_id),f,f
public,r2_assets,r2_assets_sha256_idx,CREATE INDEX r2_assets_sha256_idx ON public.r2_assets USING btree (sha256),f,f
public,seller_profile_values,seller_profile_values_pkey,"CREATE UNIQUE INDEX seller_profile_values_pkey ON public.seller_profile_values USING btree (seller_profile_id, value_code)",t,t
public,seller_profiles,idx_seller_profiles_last_updated_by_user,CREATE INDEX idx_seller_profiles_last_updated_by_user ON public.seller_profiles USING btree (last_updated_by_user_id),f,f
public,seller_profiles,idx_seller_profiles_partner_id,CREATE INDEX idx_seller_profiles_partner_id ON public.seller_profiles USING btree (partner_id),f,f
public,seller_profiles,seller_profiles_pkey,CREATE UNIQUE INDEX seller_profiles_pkey ON public.seller_profiles USING btree (id),t,t
public,seller_profiles,ux_seller_profiles_partner,CREATE UNIQUE INDEX ux_seller_profiles_partner ON public.seller_profiles USING btree (partner_id),t,f
public,seller_shipping_discount_tiers,idx_shipping_discount_tiers_seller,CREATE INDEX idx_shipping_discount_tiers_seller ON public.seller_shipping_discount_tiers USING btree (seller_id),f,f
public,seller_shipping_discount_tiers,seller_shipping_discount_tiers_pkey,CREATE UNIQUE INDEX seller_shipping_discount_tiers_pkey ON public.seller_shipping_discount_tiers USING btree (id),t,t
public,seller_shipping_rules,seller_shipping_rules_pkey,CREATE UNIQUE INDEX seller_shipping_rules_pkey ON public.seller_shipping_rules USING btree (id),t,t
public,seller_shipping_rules,ux_seller_shipping_default,CREATE UNIQUE INDEX ux_seller_shipping_default ON public.seller_shipping_rules USING btree (seller_id) WHERE (scope = 'all'::shipping_scope),t,f
public,seller_shipping_rules,ux_seller_shipping_region,"CREATE UNIQUE INDEX ux_seller_shipping_region ON public.seller_shipping_rules USING btree (seller_id, scope, prefecture, city) WHERE (scope <> 'all'::shipping_scope)",t,f
public,seller_value_tags,seller_value_tags_pkey,CREATE UNIQUE INDEX seller_value_tags_pkey ON public.seller_value_tags USING btree (code),t,t
public,shipments,idx_shipments_created,CREATE INDEX idx_shipments_created ON public.shipments USING btree (created_at DESC),f,f
public,shipments,idx_shipments_order,CREATE INDEX idx_shipments_order ON public.shipments USING btree (order_id),f,f
public,shipments,idx_shipments_order_updated,"CREATE INDEX idx_shipments_order_updated ON public.shipments USING btree (order_id, updated_at DESC)",f,f
public,shipments,idx_shipments_status,CREATE INDEX idx_shipments_status ON public.shipments USING btree (status),f,f
public,shipments,ix_shipments_order,CREATE INDEX ix_shipments_order ON public.shipments USING btree (order_id),f,f
public,shipments,ix_shipments_status,CREATE INDEX ix_shipments_status ON public.shipments USING btree (status),f,f
public,shipments,shipments_pkey,CREATE UNIQUE INDEX shipments_pkey ON public.shipments USING btree (id),t,t
public,shipments,shipments_tracking_number_key,CREATE UNIQUE INDEX shipments_tracking_number_key ON public.shipments USING btree (tracking_number),t,f
public,tags,idx_tags_name,CREATE INDEX idx_tags_name ON public.tags USING btree (name),f,f
public,tags,tags_name_key,CREATE UNIQUE INDEX tags_name_key ON public.tags USING btree (name),t,f
public,tags,tags_pkey,CREATE UNIQUE INDEX tags_pkey ON public.tags USING btree (id),t,t
public,tags,tags_slug_key,CREATE UNIQUE INDEX tags_slug_key ON public.tags USING btree (slug),t,f
public,trusted_devices,idx_trusted_devices_expires,CREATE INDEX idx_trusted_devices_expires ON public.trusted_devices USING btree (expires_at),f,f
public,trusted_devices,idx_trusted_devices_token,CREATE INDEX idx_trusted_devices_token ON public.trusted_devices USING btree (device_token),f,f
public,trusted_devices,idx_trusted_devices_user_id,CREATE INDEX idx_trusted_devices_user_id ON public.trusted_devices USING btree (user_id),f,f
public,trusted_devices,trusted_devices_device_token_key,CREATE UNIQUE INDEX trusted_devices_device_token_key ON public.trusted_devices USING btree (device_token),t,f
public,trusted_devices,trusted_devices_pkey,CREATE UNIQUE INDEX trusted_devices_pkey ON public.trusted_devices USING btree (id),t,t
public,user_allowed_payment_methods,idx_uapm_user,CREATE INDEX idx_uapm_user ON public.user_allowed_payment_methods USING btree (user_id),f,f
public,user_allowed_payment_methods,user_allowed_payment_methods_pkey,"CREATE UNIQUE INDEX user_allowed_payment_methods_pkey ON public.user_allowed_payment_methods USING btree (user_id, method)",t,t
public,user_recent_products,idx_user_recent_products_user_time,"CREATE INDEX idx_user_recent_products_user_time ON public.user_recent_products USING btree (user_id, viewed_at DESC)",f,f
public,user_recent_products,user_recent_products_pkey,"CREATE UNIQUE INDEX user_recent_products_pkey ON public.user_recent_products USING btree (user_id, product_id)",t,t
public,users,idx_users_account_locked,CREATE INDEX idx_users_account_locked ON public.users USING btree (account_locked_at) WHERE (account_locked_at IS NOT NULL),f,f
public,users,idx_users_city_trgm,CREATE INDEX idx_users_city_trgm ON public.users USING gin (city gin_trgm_ops),f,f
public,users,idx_users_partner,CREATE INDEX idx_users_partner ON public.users USING btree (partner_id),f,f
public,users,idx_users_postal_norm,CREATE INDEX idx_users_postal_norm ON public.users USING btree (postal_norm),f,f
public,users,idx_users_prefecture_city,"CREATE INDEX idx_users_prefecture_city ON public.users USING btree (prefecture, city)",f,f
public,users,idx_users_two_factor_enabled,CREATE INDEX idx_users_two_factor_enabled ON public.users USING btree (two_factor_enabled),f,f
public,users,idx_users_webauthn_enabled,CREATE INDEX idx_users_webauthn_enabled ON public.users USING btree (webauthn_enabled) WHERE (webauthn_enabled = true),f,f
public,users,users_email_key,CREATE UNIQUE INDEX users_email_key ON public.users USING btree (email),t,f
public,users,users_pkey,CREATE UNIQUE INDEX users_pkey ON public.users USING btree (id),t,t
public,webauthn_challenges,idx_webauthn_challenges_expires,CREATE INDEX idx_webauthn_challenges_expires ON public.webauthn_challenges USING btree (expires_at),f,f
public,webauthn_challenges,idx_webauthn_challenges_user,CREATE INDEX idx_webauthn_challenges_user ON public.webauthn_challenges USING btree (user_id),f,f
public,webauthn_challenges,webauthn_challenges_pkey,CREATE UNIQUE INDEX webauthn_challenges_pkey ON public.webauthn_challenges USING btree (id),t,t
public,webauthn_credentials,idx_webauthn_credential_id,CREATE INDEX idx_webauthn_credential_id ON public.webauthn_credentials USING btree (credential_id),f,f
public,webauthn_credentials,idx_webauthn_last_used,CREATE INDEX idx_webauthn_last_used ON public.webauthn_credentials USING btree (last_used_at),f,f
public,webauthn_credentials,idx_webauthn_user_id,CREATE INDEX idx_webauthn_user_id ON public.webauthn_credentials USING btree (user_id),f,f
public,webauthn_credentials,webauthn_credentials_credential_id_key,CREATE UNIQUE INDEX webauthn_credentials_credential_id_key ON public.webauthn_credentials USING btree (credential_id),t,f
public,webauthn_credentials,webauthn_credentials_pkey,CREATE UNIQUE INDEX webauthn_credentials_pkey ON public.webauthn_credentials USING btree (id),t,t
